id;street_address;postal_code;city;country
1;Secured Program;the program Ghana;West Hopefort;Mozambique
2;cross-platform;Plastic;Portland;Paraguay
3;Wisconsin Chief Sports;cross-platform;Huelsborough;Russian Federation
4;neural;e-commerce Reverse-engineered Directives;South Douglasfort;Eritrea
5;Investor;leading-edge;Stratford;Moldova
6;Diverse;Fuerte Sports;Pfefferside;Slovakia (Slovak Republic)
7;parsing;Venezuela Plastic;Lake Saigeside;Hong Kong
8;Fully-configurable infrastructure Monaco;Fresh;Port Katharina;Algeria
9;Plastic Principal;Tactics infomediaries Guadeloupe;Lake Meredithfurt;Mauritania
10;fuchsia Leu;Account Movies Stream;North Pete;Republic of Korea
