id;username;name;surname;tel;email;ssn;status
1;secondary Soft RSS;Shoes;and Representative;e-markets invoice;Anita.Wisoky@hotmail.com;SMTP Sharable Reverse-engineered;Polynesia invoice
2;Texas executive clear-thinking;Steel;Frozen asynchronous Engineer;Team-oriented Swiss cross-platform;Caleb53@gmail.com;primary;Maryland bus focus
3;deposit paradigm;Chair transitional;Intranet plug-and-play;salmon Dram Trinidad;Bret46@yahoo.com;magenta e-tailers;EXE International
4;standardization;Accounts;Nevada teal;Communications;Dee_Jast@gmail.com;Director;Chair
5;Shoes;Cuban;Incredible European;invoice parsing magenta;Kian.Kulas@yahoo.com;Iowa Virtual;Sleek Practical generating
6;Borders Infrastructure Nebraska;Practical Object-based;Plaza;Producer;Kassandra.Romaguera15@gmail.com;SMS Kentucky Rubber;Account
7;invoice override Home;hard;GB Buckinghamshire;Branding;Nia_Reynolds27@gmail.com;Euro;synthesize B2B
8;Chips Shirt Turkey;transmit;Investor sky teal;Concrete Florida;Dasia_Pagac@hotmail.com;microchip Wooden;Bedfordshire users
9;cross-media;schemas Louisiana 24/7;array Visionary Wyoming;withdrawal salmon;Rose_Schneider88@yahoo.com;program optimal;Soap
10;Wooden payment;instruction Way;digital salmon;GB;Twila29@yahoo.com;Small user-facing;Credit
